{
  "fontName": "fabric-icons",
  "fontFamilyName": "FabricMDL2Icons",
  "excludeGlyphs": false,
  "excludeThirdPartyIcons": false,
  "chunkSubsets": false,
  "hashFontFileName": false,
  "subsetChunkSettings": {
    "maxSubsetSize": 100
  },
  "glyphs": [
    {
      "name": "ChevronDown",
      "unicode": "E70D"
    },
    {
      "name": "ChevronUp",
      "unicode": "E70E"
    },
    {
      "name": "Add",
      "unicode": "E710"
    },
    {
      "name": "Cancel",
      "unicode": "E711"
    },
    {
      "name": "Settings",
      "unicode": "E713"
    },
    {
      "name": "Mail",
      "unicode": "E715"
    },
    {
      "name": "Stop",
      "unicode": "E71A"
    },
    {
      "name": "Filter",
      "unicode": "E71C"
    },
    {
      "name": "Zoom",
      "unicode": "E71E"
    },
    {
      "name": "Search",
      "unicode": "E721"
    },
    {
      "name": "Checkbox",
      "unicode": "E739"
    },
    {
      "name": "CheckMark",
      "unicode": "E73E"
    },
    {
      "name": "Print",
      "unicode": "E749"
    },
    {
      "name": "Up",
      "unicode": "E74A"
    },
    {
      "name": "Down",
      "unicode": "E74B"
    },
    {
      "name": "Delete",
      "unicode": "E74D"
    },
    {
      "name": "Play",
      "unicode": "E768"
    },
    {
      "name": "Pause",
      "unicode": "E769"
    },
    {
      "name": "Warning",
      "unicode": "E7BA"
    },
    {
      "name": "Clear",
      "unicode": "E894"
    },
    {
      "name": "ChromeClose",
      "unicode": "E8BB"
    },
    {
      "name": "Copy",
      "unicode": "E8C8"
    },
    {
      "name": "RadioBullet",
      "unicode": "E915"
    },
    {
      "name": "ChevronUpSmall",
      "unicode": "E96D"
    },
    {
      "name": "ChevronDownSmall",
      "unicode": "E96E"
    },
    {
      "name": "ChevronUpMed",
      "unicode": "E971"
    },
    {
      "name": "ChevronDownMed",
      "unicode": "E972"
    },
    {
      "name": "SortLines",
      "unicode": "E9D0"
    },
    {
      "name": "OpenFolderHorizontal",
      "unicode": "ED25"
    },
    {
      "name": "FolderHorizontal",
      "unicode": "F12B"
    },
    {
      "name": "SignOut",
      "unicode": "F3B1"
    }
  ]
}